{
  "project_info": {
    "project_number": "749282447021",
    "firebase_url": "https://realtimetemperature-controller-default-rtdb.firebaseio.com",
    "project_id": "realtimetemperature-controller",
    "storage_bucket": "realtimetemperature-controller.appspot.com"
  },
  "client": [
    {
      "client_info": {
        "mobilesdk_app_id": "1:749282447021:android:7e8723ac9f237f0d6a0024",
        "android_client_info": {
          "package_name": "com.example.tempcontrol"
        }
      },
      "oauth_client": [
        {
          "client_id": "749282447021-v75stvchstbbjvqh38793kti49u4131j.apps.googleusercontent.com",
          "client_type": 3
        }
      ],
      "api_key": [
        {
          "current_key": "AIzaSyAHV1eBwg3-Sj_2GSrT05PkOC86keRerow"
        }
      ],
      "services": {
        "appinvite_service": {
          "other_platform_oauth_client": [
            {
              "client_id": "749282447021-v75stvchstbbjvqh38793kti49u4131j.apps.googleusercontent.com",
              "client_type": 3
            }
          ]
        }
      }
    }
  ],
  "configuration_version": "1"
}